DROP DATABASE [webapps]
GO
CREATE DATABASE [webapps]
GO
USE [webapps]
GO

CREATE SCHEMA account
GO
CREATE SCHEMA master
GO
CREATE SCHEMA stock
GO
CREATE SCHEMA document
GO




CREATE TABLE [document].[notification](
	[notification_id] [bigint] NOT NULL IDENTITY(1,1),
	[notification_from] [varchar](20) NULL,
	[notification_to] [varchar](20) NULL,
	[notification_read] [bit] NOT NULL DEFAULT((0)),
	[notification_send] [bit] NOT NULL DEFAULT((0)),
	[notification_title] [varchar](100) NULL,
	[notification_content] [varchar](255) NOT NULL,
	[notification_icon] [varchar](100) NULL,
	[notification_url] [varchar](255) NULL,
	[notification_time] [datetime] NOT NULL DEFAULT(GETDATE())
) ON [PRIMARY]
GO

CREATE TABLE [document].[complaint](
	[complaint_id] [bigint] NOT NULL IDENTITY(1,1),
	[complaint_to] [varchar](20) NULL,
	[complaint_type] [varchar](10) NOT NULL DEFAULT(('CMPT001')),
	[complaint_description] [text] NOT NULL,
	[complaint_anonymous] [bit] NOT NULL DEFAULT((0)),
	[create_by] [varchar](20) NOT NULL,
	[create_date] [datetime] NOT NULL DEFAULT(GETDATE()),
	[status] [varchar](10) NOT NULL DEFAULT(('ST01'))
) ON [PRIMARY]
GO

CREATE TABLE [document].[request_tools](
	[req_tools_code] [varchar](20) NOT NULL,
	[page_code] [varchar](20) NOT NULL,
	[page_code_from] [varchar](20) NOT NULL,
	[req_tools_date] [date] NOT NULL DEFAULT(GETDATE()),
	[req_nik] [varchar](20) NULL,
	[name_of_request] [varchar](30) NOT NULL,
	[create_by] [varchar](20) NOT NULL,
	[create_date] [datetime] NOT NULL DEFAULT(GETDATE()),
	[approve_by] [varchar](20) NULL,
	[approve_date] [datetime] NULL,
	[reject_by] [varchar](20) NULL,
	[reject_date] [datetime] NULL,
	[status] [varchar](10) NOT NULL DEFAULT(('ST02')),
	[finish_by] [varchar](20) NULL,
	[finish_date] [datetime] NULL
) ON [PRIMARY]
GO

CREATE TABLE [document].[borrowed](
	[borrowed_code] [varchar](20) NOT NULL,
	[main_stock_code] [varchar](20) NOT NULL,
	[borrowed_qty] [decimal](10,2) NOT NULL,
	[borrowed_date] [date] NOT NULL DEFAULT(GETDATE()),
	[borrowed_long_term] [int] NOT NULL,
	[borrowed_notes] [text] NULL,
	[borrowed_req_name] [varchar](50) NOT NULL,
	[borrowed_take_name] [varchar](50) NULL,
	[company_code] [varchar](10) NULL,
	[nik] [varchar](20) NOT NULL,
	[take_nik] [varchar](20) NULL,
	[create_by] [varchar](20) NOT NULL,
	[create_date] [datetime] NOT NULL DEFAULT(GETDATE()),
	[finish_by] [varchar](20) NULL,
	[finish_date] [datetime] NULL,
	[status] [varchar](10) NOT NULL DEFAULT(('ST06'))
) ON [PRIMARY]
GO

CREATE TABLE [document].[request_tools_detail](
	[req_tools_code] [varchar](20) NOT NULL,
	[stock_code] [varchar](20) NOT NULL,
	[req_tools_qty] [decimal](20,2) NOT NULL,
	[req_tools_notes] [varchar](255) NULL,
	[req_take_nik] [varchar](20) NULL,
	[fullfillment] [bit] NOT NULL DEFAULT((1)),
	[finish_by] [varchar](20) NULL,
	[finish_date] [datetime] NULL
) ON [PRIMARY]
GO

CREATE TABLE [document].[purchase_order](
	[po_code] [varchar](20) NOT NULL,
	[page_code] [varchar](20) NOT NULL,
	[page_code_destination] [varchar](20) NOT NULL,
	[po_date] [date] NOT NULL DEFAULT(GETDATE()),
	[nik] [varchar](20) NOT NULL,
	[status] [varchar](10) NOT NULL DEFAULT(('ST06')),
	[reason] [text] NULL,
	[create_by] [varchar](20) NOT NULL,
	[create_date] [datetime] NOT NULL DEFAULT(GETDATE()),
	[process_by] [varchar](20) NULL,
	[process_date] [datetime] NULL,
	[finish_by] [varchar](20) NULL,
	[finish_date] [datetime] NULL
) ON [PRIMARY]
GO

CREATE TABLE [document].[purchase_order_detail](
	[po_code] [varchar](20) NOT NULL,
	[main_stock_code] [varchar](20) NOT NULL,
	[po_qty] [decimal](20,2) NOT NULL,
	[po_date_delivery] [date] NULL,
	[supplier_code] [varchar](10) NULL,
	[stock_price] [decimal](20,2) NULL,
	[stock_delivery_price] [decimal](20,2) NULL,
	[po_old_qty] [decimal](20,2) NULL,
	[po_notes] [varchar](255) NULL,
	[edit_by] [varchar](20) NULL,
	[edit_date] [datetime] NULL
) ON [PRIMARY]
GO

CREATE TABLE [document].[delivery_order](
	[do_code] [varchar](20) NOT NULL,
	[po_code] [varchar](20) NOT NULL,
	[page_code] [varchar](20) NOT NULL,
	[main_stock_code] [varchar](20) NOT NULL,
	[do_qty] [decimal](20,2) NOT NULL,
	[create_by] [varchar](20) NOT NULL,
	[create_date] [datetime] NOT NULL DEFAULT(GETDATE())
) ON [PRIMARY]
GO

CREATE TABLE [master].[master_page](
	[page_code] [varchar](10) NOT NULL,
	[page_name] [varchar](20) NULL
) ON [PRIMARY]
GO
CREATE TABLE [master].[master_icon](
	[icon_id] [integer] NOT NULL IDENTITY(1,1),
	[icon_name] [varchar](50) NOT NULL
) ON [PRIMARY]
GO
CREATE TABLE [master].[master_measure](
	[measure_code] [varchar](10) NOT NULL,
	[measure_type] [varchar](50) NOT NULL,
	[measure_name] [varchar](100) NOT NULL
) ON [PRIMARY]
GO
CREATE TABLE [master].[master_category](
	[category_code] [varchar](5) NOT NULL,
	[category_name] [varchar](50) NOT NULL
) ON [PRIMARY]
GO
CREATE TABLE [master].[master_stock](
	[stock_code] [varchar](20) NOT NULL,
	[stock_name] [varchar](50) NULL,
	[stock_size] [varchar](50) NULL,
	[stock_brand] [varchar](50) NULL,
	[stock_type] [varchar](50) NULL,
	[stock_color] [varchar](20) NULL,
	[stock_description] [varchar](50) NULL,
	[measure_code] [varchar](10) NOT NULL,
	[stock_min_qty] [decimal](20,2) NULL,
	[stock_max_qty] [decimal](20,2) NULL,
	[stock_daily_use] [char](1) NOT NULL DEFAULT((0))
) ON [PRIMARY]
GO
CREATE TABLE [stock].[measure_convert](
	[stock_code] [varchar](20) NOT NULL,
	[measure_code] [varchar](10) NOT NULL,
	[measure_qty] [varchar](10) NOT NULL,
) ON [PRIMARY]
GO
CREATE TABLE [stock].[stock](
	[main_stock_code] [varchar](20) NOT NULL,
	[stock_code] [varchar](20) NOT NULL,
	[page_code] [varchar](10) NOT NULL,
	[nik] [varchar](20) NOT NULL,
	[main_stock_date] [datetime] NOT NULL DEFAULT(GETDATE()),
) ON [PRIMARY]
GO
CREATE TABLE [stock].[qty](
	[main_stock_code] [varchar](20) NOT NULL,
	[supplier_code] [varchar](20) NULL,
	[stock_price] [decimal](20,2) NULL DEFAULT((0)),
	[qty] [decimal](20,2) NOT NULL,
	[nik] [varchar](20) NOT NULL,
	[stock_date] [datetime] NOT NULL DEFAULT(GETDATE()),
	[do_code] [varchar](10) NULL,
	[stock_notes] [varchar](255) NULL
) ON [PRIMARY]
GO
CREATE TABLE [stock].[qty_out](
	[main_stock_code] [varchar](20) NOT NULL,
	[supplier_code] [varchar](20) NULL,
	[stock_price] [decimal](20,2) NULL DEFAULT((0)),
	[qty] [decimal](20,2) NOT NULL,
	[nik] [varchar](20) NOT NULL,
	[stock_date] [datetime] NOT NULL DEFAULT(GETDATE()),
	[stock_out_date] [datetime] NOT NULL DEFAULT(GETDATE()),
	[do_code] [varchar](10) NULL,
	[stock_notes] [varchar](255) NULL
) ON [PRIMARY]
GO
CREATE TABLE [stock].[opname](
	[main_stock_code] [varchar](20) NOT NULL,
	[opname_qty_from] [decimal](20,2) NOT NULL,
	[opname_date_from] [date] NOT NULL DEFAULT(GETDATE()),
	[opname_qty] [decimal](20,2) NOT NULL,
	[opname_notes] [varchar](255) NULL,
	[create_by] [VARCHAR](20) NOT NULL,
	[create_date] [datetime] NOT NULL DEFAULT(GETDATE()),
	[approve_by] [varchar](20) NULL,
	[approve_date] [datetime] NULL,
	[reject_by] [varchar](20) NULL,
	[reject_date] [datetime] NULL
) ON [PRIMARY]
GO
CREATE TABLE [stock].[cabinet](
	[stock_cabinet_code] [varchar](10) NOT NULL,
	[page_code] [varchar](20) NOT NULL,
	[cabinet_code] [varchar](10) NOT NULL,
	[main_stock_code] [varchar](20) NOT NULL
) ON [PRIMARY]
GO
CREATE TABLE [master].[master_supplier](
	[supplier_code] [varchar](10) NOT NULL,
	[supplier_name] [varchar](20) NULL,
	[supplier_address] [varchar](20) NULL,
	[city_code] [varchar](10) NULL,
	[supplier_phone] [varchar](20) NULL,
	[supplier_category] [varchar](20) NULL,
	[status_code] [varchar](4) NULL DEFAULT('ST01'),
) ON [PRIMARY]
GO
CREATE TABLE [master].[master_city](
	[city_code] [varchar](10) NOT NULL,
	[city_name] [varchar](20) NULL,
	[status_code] [varchar](4) NULL,
) ON [PRIMARY]
GO
CREATE TABLE [master].[master_cabinet](
	[cabinet_code] [varchar](10) NOT NULL,
	[cabinet_name] [varchar](30) NULL,
	[cabinet_description] [varchar](255) NULL,
	[page_code] [varchar](20) NULL,
	[parent_cabinet_code] [varchar](10) NULL,
	[is_child] [integer] NULL DEFAULT((1)),
	[status_code] [varchar](4) NULL DEFAULT('ST01'),
) ON [PRIMARY]
GO
CREATE TABLE [master].[master_marital](
	[marital_code] [varchar](10) NOT NULL,
	[marital_label] [varchar](100) NULL,
	[marital_description] [varchar](255) NULL
) ON [PRIMARY]
GO
CREATE TABLE [master].[master_company](
	[company_code] [varchar](10) NOT NULL,
	[company_name] [varchar](100) NULL,
	[company_description] [varchar](255) NULL
) ON [PRIMARY]
GO
CREATE TABLE [master].[master_department](
	[department_code] [varchar](10) NOT NULL,
	[company_code] [varchar](10) NOT NULL,
	[department_name] [varchar](100) NULL,
	[department_description] [varchar](255) NULL
) ON [PRIMARY]
GO
CREATE TABLE [master].[master_division](
	[division_code] [varchar](10) NOT NULL,
	[department_code] [varchar](10) NOT NULL,
	[company_code] [varchar](10) NOT NULL,
	[division_name] [varchar](100) NULL,
	[division_description] [varchar](255) NULL
) ON [PRIMARY]
GO
CREATE TABLE [master].[master_identity](
	[identity_code] [varchar](10) NOT NULL,
	[identity_label] [varchar](100) NULL
) ON [PRIMARY]
GO
CREATE TABLE [master].[master_status](
	[status_code] [varchar](4) NOT NULL,
	[status_label] [varchar](100) NULL
) ON [PRIMARY]
GO
CREATE TABLE [master].[master_menu](
	[id_menu] [integer] NOT NULL,
	[menu_name] [varchar](20) NOT NULL,
	[menu_url] [varchar](50) NOT NULL,
	[menu_icon] [varchar](50) NULL,
	[id_parent] [integer] NULL
) ON [PRIMARY]
GO
CREATE TABLE [account].[user_group](
	[group_code] [varchar](10) NOT NULL,
	[group_name] [varchar](100) NOT NULL,
	[page_code] [varchar](10) NOT NULL,
	[company_code] [varchar](10) NULL,
	[department_code] [varchar](10) NULL,
	[division_code] [varchar](10) NULL,
) ON [PRIMARY]
GO
CREATE TABLE [account].[user_menu](
	[group_code] [varchar](10) NOT NULL,
	[id_menu] [integer] NOT NULL,
	[add] [bit] NOT NULL DEFAULT((0)),
	[edit] [bit] NOT NULL DEFAULT((0)),
	[del] [bit] NOT NULL DEFAULT((0))
) ON [PRIMARY]
GO
CREATE TABLE [account].[user](
	[nik] [varchar](20) NOT NULL,
	[pwd_hash] [varchar](255) NULL,
	[group_code] [varchar](10) NOT NULL,
	[status_code] [varchar](4) NULL,
	[photo] [text] NULL,
	[last_login] [datetime] NULL,
) ON [PRIMARY]
GO
CREATE TABLE [account].[user_biodata](
	[nik] [varchar](20) NOT NULL,
	[first_name] [varchar](50) NULL,
	[last_name] [varchar](50) NULL,
	[call_name] [varchar](50) NULL,
	[birth_date] [date] NULL,
	[marital_code] [varchar](10) NULL,
	[child] [integer] NOT NULL DEFAULT((0)),
	[email] [varchar](100) NULL,
	[address] [text] NULL,
	[handphone] [varchar](20) NULL,
	[phone] [varchar](20) NULL
) ON [PRIMARY]
GO
CREATE TABLE [account].[user_identity](
	[nik] [varchar](20) NOT NULL,
	[identity_code] [varchar](10) NULL,
	[identity_number] [varchar](50) NULL,
	[address] [varchar](150) NULL,
	[post_code] [varchar](10) NULL,
) ON [PRIMARY]
GO

-- store procedure
CREATE PROCEDURE [stock].[stock_out]
	@stcode VARCHAR(20),
	@qty DECIMAL(20,2),
	@nik VARCHAR(20),
	@page VARCHAR(10),
	@notes VARCHAR(255)
AS
	SET NOCOUNT ON
	DECLARE @cmin INT, @cmax INT

	IF OBJECT_ID('#temp', 'U') IS NOT NULL
		DROP TABLE [#temp]

	CREATE TABLE [#temp] (
		[id] INTEGER,
		[main_stock_code] VARCHAR(20),
		[supplier_code] VARCHAR(20),
		[stock_price] DECIMAL(20,2),
		[stock_date] DATETIME,
		[qty] DECIMAL(20,2)
	)

	INSERT INTO [#temp] SELECT ROW_NUMBER() OVER(ORDER BY [stock_date] ASC) AS id, [stock].[qty].[main_stock_code], [supplier_code], [stock_price], [stock_date], sum([qty]) AS qty
	FROM [stock].[qty]
	JOIN [stock].[stock] ON [stock].[stock].[main_stock_code] = [stock].[qty].[main_stock_code]
	WHERE [qty] > 0 AND [stock_code] = @stcode
	GROUP BY [stock].[qty].[main_stock_code], [supplier_code], [stock_price], [stock_date]
	ORDER BY [stock_date] ASC

	SELECT @cmin=min(id), @cmax=max(id) FROM [#temp]
	WHILE @cmin <= @cmax
	BEGIN
		-- getting data qty
		DECLARE @main_stock_code VARCHAR(20),
			@supplier_code VARCHAR(20),
			@stock_price DECIMAL(20,2),
			@stock_date DATETIME,
			@stock_qty DECIMAL(20,2)

		SELECT @main_stock_code = [main_stock_code], @supplier_code = [supplier_code], @stock_price = [stock_price], @stock_date = [stock_date], @stock_qty = [qty] FROM [#temp] WHERE [id] = @cmin

		-- processing movement stock
		IF @qty >= @stock_qty
			BEGIN
				-- insert all of stock into new stock out table
				INSERT INTO [stock].[qty_out]([main_stock_code], [supplier_code], [stock_price], [stock_date], [qty], [nik], [stock_notes]) VALUES(@main_stock_code, @supplier_code, @stock_price, @stock_date, @stock_qty, @nik, @notes)
				-- update to zero stock already
				UPDATE [stock].[qty] SET [qty] = 0 WHERE [main_stock_code] = @main_stock_code AND ([supplier_code] = @supplier_code OR [supplier_code] IS NULL) AND [stock_price] = @stock_price AND [stock_date] = @stock_date
				-- update stock needed leftovers
				SET @qty = @qty - @stock_qty
			END
		ELSE IF @qty < @stock_qty
			BEGIN
				-- insert last stock needed to new stock out table
				INSERT INTO [stock].[qty_out]([main_stock_code], [supplier_code], [stock_price], [stock_date], [qty], [nik], [stock_notes]) VALUES(@main_stock_code, @supplier_code, @stock_price, @stock_date, @qty, @nik, @notes)
				-- update stock already
				UPDATE [stock].[qty] SET [qty] = @stock_qty - @qty WHERE [main_stock_code] = @main_stock_code AND ([supplier_code] = @supplier_code OR [supplier_code] IS NULL) AND [stock_price] = @stock_price AND [stock_date] = @stock_date
				-- update stock needed leftovers
				SET @qty = 0
			END

		IF @qty = 0
			BREAK
		SET @cmin = @cmin+1
	END
	DROP TABLE [#temp]

	SELECT 1
RETURN
GO
-- insert default data
INSERT INTO [master].[master_status](status_code,status_label) VALUES
('ST00', 'Tidak Aktif'),
('ST01', 'Aktif'),
('ST02', 'Proses'),
('ST03', 'Tidak cukup'),
('ST04', 'Pembelian'),
('ST05', 'Selesai'),
('ST06', 'Menunggu'),
('ST07', 'Disetujui'),
('ST08', 'Tidak disetujui'),
('ST09', 'Dibatalkan')
GO
INSERT INTO [master].[master_page] VALUES
('wh', 'Warehouse'),
('mk','Marketing'),
('pur','Purchasing'),
('su','Superuser'),
('opr','Operator')
GO
INSERT INTO [master].[master_measure] VALUES
('MEA001', 'Kg', 'Kilogram'),
('MEA002', 'ltr', 'Liter'),
('MEA003', 'M', 'Meter')
GO
INSERT INTO [master].[master_city](city_code,city_name,status_code) VALUES
('BDG','Bandung','ST01'),
('JKT','Jakarta','ST01'),
('BGR','Bogor','ST01')
GO
INSERT INTO [master].[master_supplier](supplier_code, supplier_name, supplier_address, supplier_phone, supplier_category, city_code, status_code) VALUES
('SPLR1', 'Supplier 1', 'Bandung', '02289874779', 'CAT1', 'BDG','ST01'),
('SPLR2', 'Supplier 2', 'Jakarta', '02178236423', 'CAT3', 'JKT','ST01')
GO
INSERT INTO [master].[master_menu](id_menu, menu_name, menu_url,menu_icon,id_parent) VALUES
(1, 'Beranda', '/', 'fa fa-home', NULL),
(2, 'Request', '/', 'fa fa-upload', NULL),
(3, 'Purchase Order', '/req/po', 'fa fa-file', 2),
(4, 'Barang', '/req/tools', 'fa fa-hammer', 2),
(5, 'Terima Barang', '/req/do', 'fa fa-truck-loading', 2),
(6, 'Pembelian(PO)', '/req/po', 'fa fa-file', 2),
(7, 'Riwayat', '/req/po/history', 'fa fa-file-alt', 2),
(8, 'Tentang', '/about', 'fa fa-link', NULL),
(9, 'Master', '/', 'fa fa-box', NULL),
(10, 'Barang', '/mst/stock', 'fa fa-boxes', 9),
(11, 'Supplier', '/mst/supplier', 'fa fa-users', 9),
(12, 'Icon', '/mst/icon', 'fa fa-grip-horizontal', 9),
(13, 'Satuan', '/mst/measure', 'fa fa-balance-scale', 9),
(14, 'Kategori', '/mst/category', 'fa fa-box-open', 9),
(15, 'Stok', '/', 'fa fa-boxes', NULL),
(16, 'Barang', '/stk/stock', 'fa fa-boxes', 15),
(17, 'Rak', '/stk/cabinet', 'fa fa-users', 15),
(18, 'Riwayat', '/stk/history', 'fa fa-file-alt', 15),
(19, 'Stok Kurang', '/stk/list_buy', 'fa fa-list-alt', 15),
(20, 'Stok Opname', '/stk/opname', 'fa fa-link', 15),
(21, 'Management', '/', 'fa fa-book', NULL),
(22, 'User', '/mng/user', 'fa fa-users-cog', 21),
(23, 'Menu', '/mng/menu', 'fa fa-clipboard', 21),
(24, 'Group', '/mng/group', 'fa fa-users', 21),
(25, 'Barang Pinjaman', '/req/borrow', 'fa fa-people-carry', 2)
GO
INSERT INTO [master].[master_company](company_code,company_name) VALUES
('CP01','Sarana Makin Mulia, PT.')
GO
INSERT INTO [master].[master_department](department_code,department_name, company_code) VALUES
('SMDP01', 'Departement 1','CP01'),
('SMDP02', 'Departement 2','CP01')
GO
INSERT INTO [master].[master_division](division_code,division_name,department_code,company_code) VALUES
('SMDV01', 'Division 01', 'SMDP01', 'CP01'),
('SMDV02', 'Division 02', 'SMDP01', 'CP01'),
('SMDV03', 'Division 01', 'SMDP02', 'CP01'),
('SMDV04', 'Division 02', 'SMDP02', 'CP01'),
('SMDV05', 'Division 03', 'SMDP02', 'CP01')
GO
INSERT INTO [account].[user_menu](group_code, id_menu, "add", "edit", "del") VALUES
('USGP001', 1, 1, 1, 1),
('USGP001', 9, 1, 1, 1),
('USGP001', 12, 1, 1, 1),
('USGP001', 21, 1, 1, 1),
('USGP001', 22, 1, 1, 1),
('USGP001', 23, 1, 1, 1),
('USGP001', 24, 1, 1, 1),
('USGP002', 1, 1, 1, 1),
('USGP002', 2, 1, 1, 1),
('USGP002', 3, 1, 1, 1),
('USGP002', 4, 1, 1, 1),
('USGP002', 5, 1, 1, 1),
('USGP002', 8, 1, 1, 1),
('USGP002', 9, 1, 1, 1),
('USGP002', 10, 1, 1, 1),
('USGP002', 13, 1, 1, 1),
('USGP002', 14, 1, 1, 1),
('USGP002', 15, 1, 1, 1),
('USGP002', 16, 1, 1, 1),
('USGP002', 17, 1, 1, 1),
('USGP002', 18, 1, 1, 1),
('USGP002', 19, 1, 1, 1),
('USGP002', 20, 1, 1, 1),
('USGP002', 25, 1, 1, 1),
('USGP003', 1, 1, 1, 1),
('USGP003', 9, 1, 1, 1),
('USGP003', 11, 1, 1, 1),
('USGP004', 1, 1, 1, 1),
('USGP004', 2, 1, 1, 1),
('USGP004', 6, 1, 1, 1),
('USGP004', 7, 1, 1, 1),
('USGP004', 9, 1, 1, 1),
('USGP004', 11, 1, 1, 1),
('USGP005', 1, 1, 1, 1),
('USGP005', 2, 1, 1, 1),
('USGP005', 4, 1, 1, 1),
('USGP005', 25, 1, 1, 1)
GO
INSERT INTO [account].[user_group](group_code, group_name, page_code, company_code, department_code, division_code) VALUES
('USGP001', 'Superuser', 'su', NULL, NULL, NULL),
('USGP002', 'Gudang Umum', 'wh', 'CP01', 'SMDP01', 'SMDV01'),
('USGP003', 'Marketing', 'mk', 'CP01', 'SMDP02', 'SMDV04'),
('USGP004', 'Pembelian', 'pur', 'CP01', 'SMDP02', 'SMDV03'),
('USGP005', 'Operator', 'opr', 'CP01', 'SMDP02', 'SMDV03')
INSERT INTO [account].[user](nik,pwd_hash,group_code,status_code) VALUES
('superuser', '$2y$12$rbfkWNlw4gj7.OxIm80UsOte/uvI9Cb3Ndn6/TlGHty5LtT3N49vW', 'USGP001', 'ST01'),
('SMM01001', '$2y$12$rbfkWNlw4gj7.OxIm80UsOte/uvI9Cb3Ndn6/TlGHty5LtT3N49vW', 'USGP002', 'ST01'),
('SMM01002', '$2y$12$rbfkWNlw4gj7.OxIm80UsOte/uvI9Cb3Ndn6/TlGHty5LtT3N49vW', 'USGP003', 'ST01'),
('SMM01003', '$2y$12$rbfkWNlw4gj7.OxIm80UsOte/uvI9Cb3Ndn6/TlGHty5LtT3N49vW', 'USGP004', 'ST01'),
('SMM01004', '$2y$12$rbfkWNlw4gj7.OxIm80UsOte/uvI9Cb3Ndn6/TlGHty5LtT3N49vW', 'USGP005', 'ST01')
GO










-- master icon
INSERT INTO [master].[master_icon](icon_name) VALUES
('fa fa-ad'),
('fa fa-address-book'),
('fa fa-address-card'),
('fa fa-adjust'),
('fa fa-air-freshener'),
('fa fa-align-center'),
('fa fa-align-justify'),
('fa fa-align-left'),
('fa fa-align-right'),
('fa fa-allergies'),
('fa fa-ambulance'),
('fa fa-american-sign-language-interpreting'),
('fa fa-anchor'),
('fa fa-angle-double-down'),
('fa fa-angle-double-left'),
('fa fa-angle-double-right'),
('fa fa-angle-double-up'),
('fa fa-angle-down'),
('fa fa-angle-left'),
('fa fa-angle-right'),
('fa fa-angle-up'),
('fa fa-angry'),
('fa fa-ankh'),
('fa fa-apple-alt'),
('fa fa-archive'),
('fa fa-archway'),
('fa fa-arrow-alt-circle-down'),
('fa fa-arrow-alt-circle-left'),
('fa fa-arrow-alt-circle-right'),
('fa fa-arrow-alt-circle-up'),
('fa fa-arrow-circle-down'),
('fa fa-arrow-circle-left'),
('fa fa-arrow-circle-right'),
('fa fa-arrow-circle-up'),
('fa fa-arrow-down'),
('fa fa-arrow-left'),
('fa fa-arrow-right'),
('fa fa-arrow-up'),
('fa fa-arrows-alt'),
('fa fa-arrows-alt-h'),
('fa fa-arrows-alt-v'),
('fa fa-assistive-listening-systems'),
('fa fa-asterisk'),
('fa fa-at'),
('fa fa-atlas'),
('fa fa-atom'),
('fa fa-audio-description'),
('fa fa-award'),
('fa fa-baby'),
('fa fa-baby-carriage'),
('fa fa-backspace'),
('fa fa-backward'),
('fa fa-bacon'),
('fa fa-balance-scale'),
('fa fa-ban'),
('fa fa-band-aid'),
('fa fa-barcode'),
('fa fa-bars'),
('fa fa-baseball-ball'),
('fa fa-basketball-ball'),
('fa fa-bath'),
('fa fa-battery-empty'),
('fa fa-battery-full'),
('fa fa-battery-half'),
('fa fa-battery-quarter'),
('fa fa-battery-three-quarters'),
('fa fa-bed'),
('fa fa-beer'),
('fa fa-bell'),
('fa fa-bell-slash'),
('fa fa-bezier-curve'),
('fa fa-bible'),
('fa fa-bicycle'),
('fa fa-binoculars'),
('fa fa-biohazard'),
('fa fa-birthday-cake'),
('fa fa-blender'),
('fa fa-blender-phone'),
('fa fa-blind'),
('fa fa-blog'),
('fa fa-bold'),
('fa fa-bolt'),
('fa fa-bomb'),
('fa fa-bone'),
('fa fa-bong'),
('fa fa-book'),
('fa fa-book-dead'),
('fa fa-book-medical'),
('fa fa-book-open'),
('fa fa-book-reader'),
('fa fa-bookmark'),
('fa fa-bowling-ball'),
('fa fa-box'),
('fa fa-box-open'),
('fa fa-boxes'),
('fa fa-braille'),
('fa fa-brain'),
('fa fa-bread-slice'),
('fa fa-briefcase'),
('fa fa-briefcase-medical'),
('fa fa-broadcast-tower'),
('fa fa-broom'),
('fa fa-brush'),
('fa fa-buffer'),
('fa fa-bug'),
('fa fa-building'),
('fa fa-bullhorn'),
('fa fa-bullseye'),
('fa fa-burn'),
('fa fa-bus'),
('fa fa-bus-alt'),
('fa fa-business-time'),
('fa fa-calculator'),
('fa fa-calendar'),
('fa fa-calendar-alt'),
('fa fa-calendar-check'),
('fa fa-calendar-day'),
('fa fa-calendar-minus'),
('fa fa-calendar-plus'),
('fa fa-calendar-times'),
('fa fa-calendar-week'),
('fa fa-camera'),
('fa fa-camera-retro'),
('fa fa-campground'),
('fa fa-candy-cane'),
('fa fa-cannabis'),
('fa fa-capsules'),
('fa fa-car'),
('fa fa-car-alt'),
('fa fa-car-battery'),
('fa fa-car-crash'),
('fa fa-car-side'),
('fa fa-caret-down'),
('fa fa-caret-left'),
('fa fa-caret-right'),
('fa fa-caret-square-down'),
('fa fa-caret-square-left'),
('fa fa-caret-square-right'),
('fa fa-caret-square-up'),
('fa fa-caret-up'),
('fa fa-carrot'),
('fa fa-cart-arrow-down'),
('fa fa-cart-plus'),
('fa fa-cash-register'),
('fa fa-cat'),
('fa fa-certificate'),
('fa fa-chair'),
('fa fa-chalkboard'),
('fa fa-chalkboard-teacher'),
('fa fa-charging-station'),
('fa fa-chart-area'),
('fa fa-chart-bar'),
('fa fa-chart-line'),
('fa fa-chart-pie'),
('fa fa-check'),
('fa fa-check-circle'),
('fa fa-check-double'),
('fa fa-check-square'),
('fa fa-cheese'),
('fa fa-chess'),
('fa fa-chess-bishop'),
('fa fa-chess-board'),
('fa fa-chess-king'),
('fa fa-chess-knight'),
('fa fa-chess-pawn'),
('fa fa-chess-queen'),
('fa fa-chess-rook'),
('fa fa-chevron-circle-down'),
('fa fa-chevron-circle-left'),
('fa fa-chevron-circle-right'),
('fa fa-chevron-circle-up'),
('fa fa-chevron-down'),
('fa fa-chevron-left'),
('fa fa-chevron-right'),
('fa fa-chevron-up'),
('fa fa-child'),
('fa fa-church'),
('fa fa-circle'),
('fa fa-circle-notch'),
('fa fa-city'),
('fa fa-clinic-medical'),
('fa fa-clipboard'),
('fa fa-clipboard-check'),
('fa fa-clipboard-list'),
('fa fa-clock'),
('fa fa-clone'),
('fa fa-closed-captioning'),
('fa fa-cloud'),
('fa fa-cloud-download-alt'),
('fa fa-cloud-meatball'),
('fa fa-cloud-moon'),
('fa fa-cloud-moon-rain'),
('fa fa-cloud-rain'),
('fa fa-cloud-showers-heavy'),
('fa fa-cloud-sun'),
('fa fa-cloud-sun-rain'),
('fa fa-cloud-upload-alt'),
('fa fa-cocktail'),
('fa fa-code'),
('fa fa-code-branch'),
('fa fa-coffee'),
('fa fa-cog'),
('fa fa-cogs'),
('fa fa-coins'),
('fa fa-columns'),
('fa fa-comment'),
('fa fa-comment-alt'),
('fa fa-comment-dollar'),
('fa fa-comment-dots'),
('fa fa-comment-medical'),
('fa fa-comment-slash'),
('fa fa-comments'),
('fa fa-comments-dollar'),
('fa fa-compact-disc'),
('fa fa-compass'),
('fa fa-compress'),
('fa fa-compress-arrows-alt'),
('fa fa-concierge-bell'),
('fa fa-cookie'),
('fa fa-cookie-bite'),
('fa fa-copy'),
('fa fa-copyright'),
('fa fa-couch'),
('fa fa-credit-card'),
('fa fa-crop'),
('fa fa-crop-alt'),
('fa fa-cross'),
('fa fa-crosshairs'),
('fa fa-crow'),
('fa fa-crown'),
('fa fa-crutch'),
('fa fa-cube'),
('fa fa-cubes'),
('fa fa-cut'),
('fa fa-database'),
('fa fa-deaf'),
('fa fa-democrat'),
('fa fa-desktop'),
('fa fa-dharmachakra'),
('fa fa-diagnoses'),
('fa fa-dice'),
('fa fa-dice-d20'),
('fa fa-dice-d6'),
('fa fa-dice-five'),
('fa fa-dice-four'),
('fa fa-dice-one'),
('fa fa-dice-six'),
('fa fa-dice-three'),
('fa fa-dice-two'),
('fa fa-digital-tachograph'),
('fa fa-directions'),
('fa fa-divide'),
('fa fa-dizzy'),
('fa fa-dna'),
('fa fa-dog'),
('fa fa-dollar-sign'),
('fa fa-dolly'),
('fa fa-dolly-flatbed'),
('fa fa-donate'),
('fa fa-door-closed'),
('fa fa-door-open'),
('fa fa-dot-circle'),
('fa fa-dove'),
('fa fa-download'),
('fa fa-drafting-compass'),
('fa fa-dragon'),
('fa fa-draw-polygon'),
('fa fa-drum'),
('fa fa-drum-steelpan'),
('fa fa-drumstick-bite'),
('fa fa-dumbbell'),
('fa fa-dumpster'),
('fa fa-dumpster-fire'),
('fa fa-dungeon'),
('fa fa-edit'),
('fa fa-egg'),
('fa fa-eject'),
('fa fa-ellipsis-h'),
('fa fa-ellipsis-v'),
('fa fa-envelope'),
('fa fa-envelope-open'),
('fa fa-envelope-open-text'),
('fa fa-envelope-square'),
('fa fa-equals'),
('fa fa-eraser'),
('fa fa-ethernet'),
('fa fa-euro-sign'),
('fa fa-exchange-alt'),
('fa fa-exclamation'),
('fa fa-exclamation-circle'),
('fa fa-exclamation-triangle'),
('fa fa-expand'),
('fa fa-expand-arrows-alt'),
('fa fa-external-link-alt'),
('fa fa-external-link-square-alt'),
('fa fa-eye'),
('fa fa-eye-dropper'),
('fa fa-eye-slash'),
('fa fa-fast-backward'),
('fa fa-fast-forward'),
('fa fa-fax'),
('fa fa-feather'),
('fa fa-feather-alt'),
('fa fa-female'),
('fa fa-fighter-jet'),
('fa fa-file'),
('fa fa-file-alt'),
('fa fa-file-archive'),
('fa fa-file-audio'),
('fa fa-file-code'),
('fa fa-file-contract'),
('fa fa-file-csv'),
('fa fa-file-download'),
('fa fa-file-excel'),
('fa fa-file-export'),
('fa fa-file-image'),
('fa fa-file-import'),
('fa fa-file-invoice'),
('fa fa-file-invoice-dollar'),
('fa fa-file-medical'),
('fa fa-file-medical-alt'),
('fa fa-file-pdf'),
('fa fa-file-powerpoint'),
('fa fa-file-prescription'),
('fa fa-file-signature'),
('fa fa-file-upload'),
('fa fa-file-video'),
('fa fa-file-word'),
('fa fa-fill'),
('fa fa-fill-drip'),
('fa fa-film'),
('fa fa-filter'),
('fa fa-fingerprint'),
('fa fa-fire'),
('fa fa-fire-alt'),
('fa fa-fire-extinguisher'),
('fa fa-first-aid'),
('fa fa-fish'),
('fa fa-fist-raised'),
('fa fa-flag'),
('fa fa-flag-checkered'),
('fa fa-flag-usa'),
('fa fa-flask'),
('fa fa-flushed'),
('fa fa-folder'),
('fa fa-folder-minus'),
('fa fa-folder-open'),
('fa fa-folder-plus'),
('fa fa-font'),
('fa fa-football-ball'),
('fa fa-forward'),
('fa fa-frog'),
('fa fa-frown'),
('fa fa-frown-open'),
('fa fa-funnel-dollar'),
('fa fa-futbol'),
('fa fa-gamepad'),
('fa fa-gas-pump'),
('fa fa-gavel'),
('fa fa-gem'),
('fa fa-genderless'),
('fa fa-ghost'),
('fa fa-gift'),
('fa fa-gifts'),
('fa fa-glass-cheers'),
('fa fa-glass-martini'),
('fa fa-glass-martini-alt'),
('fa fa-glass-whiskey'),
('fa fa-glasses'),
('fa fa-globe'),
('fa fa-globe-africa'),
('fa fa-globe-americas'),
('fa fa-globe-asia'),
('fa fa-globe-europe'),
('fa fa-golf-ball'),
('fa fa-gopuram'),
('fa fa-graduation-cap'),
('fa fa-greater-than'),
('fa fa-greater-than-equal'),
('fa fa-grimace'),
('fa fa-grin'),
('fa fa-grin-alt'),
('fa fa-grin-beam'),
('fa fa-grin-beam-sweat'),
('fa fa-grin-hearts'),
('fa fa-grin-squint'),
('fa fa-grin-squint-tears'),
('fa fa-grin-stars'),
('fa fa-grin-tears'),
('fa fa-grin-tongue'),
('fa fa-grin-tongue-squint'),
('fa fa-grin-tongue-wink'),
('fa fa-grin-wink'),
('fa fa-grip-horizontal'),
('fa fa-grip-lines'),
('fa fa-grip-lines-vertical'),
('fa fa-grip-vertical'),
('fa fa-guitar'),
('fa fa-h-square'),
('fa fa-hamburger'),
('fa fa-hammer'),
('fa fa-hamsa'),
('fa fa-hand-holding'),
('fa fa-hand-holding-heart'),
('fa fa-hand-holding-usd'),
('fa fa-hand-lizard'),
('fa fa-hand-middle-finger'),
('fa fa-hand-paper'),
('fa fa-hand-peace'),
('fa fa-hand-point-down'),
('fa fa-hand-point-left'),
('fa fa-hand-point-right'),
('fa fa-hand-point-up'),
('fa fa-hand-pointer'),
('fa fa-hand-rock'),
('fa fa-hand-scissors'),
('fa fa-hand-spock'),
('fa fa-hands'),
('fa fa-hands-helping'),
('fa fa-handshake'),
('fa fa-hanukiah'),
('fa fa-hard-hat'),
('fa fa-hashtag'),
('fa fa-hat-wizard'),
('fa fa-haykal'),
('fa fa-hdd'),
('fa fa-heading'),
('fa fa-headphones'),
('fa fa-headphones-alt'),
('fa fa-headset'),
('fa fa-heart'),
('fa fa-heart-broken'),
('fa fa-heartbeat'),
('fa fa-helicopter'),
('fa fa-highlighter'),
('fa fa-hiking'),
('fa fa-hippo'),
('fa fa-history'),
('fa fa-hockey-puck'),
('fa fa-holly-berry'),
('fa fa-home'),
('fa fa-horse'),
('fa fa-horse-head'),
('fa fa-hospital'),
('fa fa-hospital-alt'),
('fa fa-hospital-symbol'),
('fa fa-hot-tub'),
('fa fa-hotdog'),
('fa fa-hotel'),
('fa fa-hourglass'),
('fa fa-hourglass-end'),
('fa fa-hourglass-half'),
('fa fa-hourglass-start'),
('fa fa-house-damage'),
('fa fa-hryvnia'),
('fa fa-i-cursor'),
('fa fa-ice-cream'),
('fa fa-icicles'),
('fa fa-id-badge'),
('fa fa-id-card'),
('fa fa-id-card-alt'),
('fa fa-igloo'),
('fa fa-image'),
('fa fa-images'),
('fa fa-inbox'),
('fa fa-indent'),
('fa fa-industry'),
('fa fa-infinity'),
('fa fa-info'),
('fa fa-info-circle'),
('fa fa-italic'),
('fa fa-jedi'),
('fa fa-joint'),
('fa fa-journal-whills'),
('fa fa-kaaba'),
('fa fa-key'),
('fa fa-keyboard'),
('fa fa-khanda'),
('fa fa-kiss'),
('fa fa-kiss-beam'),
('fa fa-kiss-wink-heart'),
('fa fa-kiwi-bird'),
('fa fa-landmark'),
('fa fa-language'),
('fa fa-laptop'),
('fa fa-laptop-code'),
('fa fa-laptop-medical'),
('fa fa-laugh'),
('fa fa-laugh-beam'),
('fa fa-laugh-squint'),
('fa fa-laugh-wink'),
('fa fa-layer-group'),
('fa fa-leaf'),
('fa fa-lemon'),
('fa fa-less-than'),
('fa fa-less-than-equal'),
('fa fa-level-down-alt'),
('fa fa-level-up-alt'),
('fa fa-life-ring'),
('fa fa-lightbulb'),
('fa fa-link'),
('fa fa-lira-sign'),
('fa fa-list'),
('fa fa-list-alt'),
('fa fa-list-ol'),
('fa fa-list-ul'),
('fa fa-location-arrow'),
('fa fa-lock'),
('fa fa-lock-open'),
('fa fa-long-arrow-alt-down'),
('fa fa-long-arrow-alt-left'),
('fa fa-long-arrow-alt-right'),
('fa fa-long-arrow-alt-up'),
('fa fa-low-vision'),
('fa fa-luggage-cart'),
('fa fa-magic'),
('fa fa-magnet'),
('fa fa-mail-bulk'),
('fa fa-male'),
('fa fa-map'),
('fa fa-map-marked'),
('fa fa-map-marked-alt'),
('fa fa-map-marker'),
('fa fa-map-marker-alt'),
('fa fa-map-pin'),
('fa fa-map-signs'),
('fa fa-marker'),
('fa fa-mars'),
('fa fa-mars-double'),
('fa fa-mars-stroke'),
('fa fa-mars-stroke-h'),
('fa fa-mars-stroke-v'),
('fa fa-mask'),
('fa fa-medal'),
('fa fa-medkit'),
('fa fa-meh'),
('fa fa-meh-blank'),
('fa fa-meh-rolling-eyes'),
('fa fa-memory'),
('fa fa-menorah'),
('fa fa-mercury'),
('fa fa-meteor'),
('fa fa-microchip'),
('fa fa-microphone'),
('fa fa-microphone-alt'),
('fa fa-microphone-alt-slash'),
('fa fa-microphone-slash'),
('fa fa-microscope'),
('fa fa-minus'),
('fa fa-minus-circle'),
('fa fa-minus-square'),
('fa fa-mitten'),
('fa fa-mobile'),
('fa fa-mobile-alt'),
('fa fa-money-bill'),
('fa fa-money-bill-alt'),
('fa fa-money-bill-wave'),
('fa fa-money-bill-wave-alt'),
('fa fa-money-check'),
('fa fa-money-check-alt'),
('fa fa-monument'),
('fa fa-moon'),
('fa fa-mortar-pestle'),
('fa fa-mosque'),
('fa fa-motorcycle'),
('fa fa-mountain'),
('fa fa-mouse-pointer'),
('fa fa-mug-hot'),
('fa fa-music'),
('fa fa-network-wired'),
('fa fa-neuter'),
('fa fa-newspaper'),
('fa fa-not-equal'),
('fa fa-notes-medical'),
('fa fa-object-group'),
('fa fa-object-ungroup'),
('fa fa-oil-can'),
('fa fa-om'),
('fa fa-otter'),
('fa fa-outdent'),
('fa fa-pager'),
('fa fa-paint-brush'),
('fa fa-paint-roller'),
('fa fa-palette'),
('fa fa-pallet'),
('fa fa-paper-plane'),
('fa fa-paperclip'),
('fa fa-parachute-box'),
('fa fa-paragraph'),
('fa fa-parking'),
('fa fa-passport'),
('fa fa-pastafarianism'),
('fa fa-paste'),
('fa fa-pause'),
('fa fa-pause-circle'),
('fa fa-paw'),
('fa fa-peace'),
('fa fa-pen'),
('fa fa-pen-alt'),
('fa fa-pen-fancy'),
('fa fa-pen-nib'),
('fa fa-pen-square'),
('fa fa-pencil-alt'),
('fa fa-pencil-ruler'),
('fa fa-people-carry'),
('fa fa-pepper-hot'),
('fa fa-percent'),
('fa fa-percentage'),
('fa fa-person-booth'),
('fa fa-phone'),
('fa fa-phone-slash'),
('fa fa-phone-square'),
('fa fa-phone-volume'),
('fa fa-piggy-bank'),
('fa fa-pills'),
('fa fa-pizza-slice'),
('fa fa-place-of-worship'),
('fa fa-plane'),
('fa fa-plane-arrival'),
('fa fa-plane-departure'),
('fa fa-play'),
('fa fa-play-circle'),
('fa fa-plug'),
('fa fa-plus'),
('fa fa-plus-circle'),
('fa fa-plus-square'),
('fa fa-podcast'),
('fa fa-poll'),
('fa fa-poll-h'),
('fa fa-poo'),
('fa fa-poo-storm'),
('fa fa-poop'),
('fa fa-portrait'),
('fa fa-pound-sign'),
('fa fa-power-off'),
('fa fa-pray'),
('fa fa-praying-hands'),
('fa fa-prescription'),
('fa fa-prescription-bottle'),
('fa fa-prescription-bottle-alt'),
('fa fa-print'),
('fa fa-procedures'),
('fa fa-project-diagram'),
('fa fa-puzzle-piece'),
('fa fa-qrcode'),
('fa fa-question'),
('fa fa-question-circle'),
('fa fa-quidditch'),
('fa fa-quote-left'),
('fa fa-quote-right'),
('fa fa-quran'),
('fa fa-radiation'),
('fa fa-radiation-alt'),
('fa fa-rainbow'),
('fa fa-random'),
('fa fa-receipt'),
('fa fa-recycle'),
('fa fa-redo'),
('fa fa-redo-alt'),
('fa fa-registered'),
('fa fa-reply'),
('fa fa-reply-all'),
('fa fa-republican'),
('fa fa-restroom'),
('fa fa-retweet'),
('fa fa-ribbon'),
('fa fa-ring'),
('fa fa-road'),
('fa fa-robot'),
('fa fa-rocket'),
('fa fa-route'),
('fa fa-rss'),
('fa fa-rss-square'),
('fa fa-ruble-sign'),
('fa fa-ruler'),
('fa fa-ruler-combined'),
('fa fa-ruler-horizontal'),
('fa fa-ruler-vertical'),
('fa fa-running'),
('fa fa-rupee-sign'),
('fa fa-sad-cry'),
('fa fa-sad-tear'),
('fa fa-satellite'),
('fa fa-satellite-dish'),
('fa fa-save'),
('fa fa-school'),
('fa fa-screwdriver'),
('fa fa-scroll'),
('fa fa-sd-card'),
('fa fa-search'),
('fa fa-search-dollar'),
('fa fa-search-location'),
('fa fa-search-minus'),
('fa fa-search-plus'),
('fa fa-seedling'),
('fa fa-server'),
('fa fa-shapes'),
('fa fa-share'),
('fa fa-share-alt'),
('fa fa-share-alt-square'),
('fa fa-share-square'),
('fa fa-shekel-sign'),
('fa fa-shield-alt'),
('fa fa-ship'),
('fa fa-shipping-fast'),
('fa fa-shoe-prints'),
('fa fa-shopping-bag'),
('fa fa-shopping-basket'),
('fa fa-shopping-cart'),
('fa fa-shower'),
('fa fa-shuttle-van'),
('fa fa-sign'),
('fa fa-sign-in-alt'),
('fa fa-sign-language'),
('fa fa-sign-out-alt'),
('fa fa-signal'),
('fa fa-signature'),
('fa fa-sim-card'),
('fa fa-sitemap'),
('fa fa-skating'),
('fa fa-skiing'),
('fa fa-skiing-nordic'),
('fa fa-skull'),
('fa fa-skull-crossbones'),
('fa fa-slash'),
('fa fa-sleigh'),
('fa fa-sliders-h'),
('fa fa-smile'),
('fa fa-smile-beam'),
('fa fa-smile-wink'),
('fa fa-smog'),
('fa fa-smoking'),
('fa fa-smoking-ban'),
('fa fa-sms'),
('fa fa-snowboarding'),
('fa fa-snowflake'),
('fa fa-snowman'),
('fa fa-snowplow'),
('fa fa-socks'),
('fa fa-solar-panel'),
('fa fa-sort'),
('fa fa-sort-alpha-down'),
('fa fa-sort-alpha-up'),
('fa fa-sort-amount-down'),
('fa fa-sort-amount-up'),
('fa fa-sort-down'),
('fa fa-sort-numeric-down'),
('fa fa-sort-numeric-up'),
('fa fa-sort-up'),
('fa fa-spa'),
('fa fa-space-shuttle'),
('fa fa-spider'),
('fa fa-spinner'),
('fa fa-splotch'),
('fa fa-spray-can'),
('fa fa-square'),
('fa fa-square-full'),
('fa fa-square-root-alt'),
('fa fa-stamp'),
('fa fa-star'),
('fa fa-star-and-crescent'),
('fa fa-star-half'),
('fa fa-star-half-alt'),
('fa fa-star-of-david'),
('fa fa-star-of-life'),
('fa fa-step-backward'),
('fa fa-step-forward'),
('fa fa-stethoscope'),
('fa fa-sticky-note'),
('fa fa-stop'),
('fa fa-stop-circle'),
('fa fa-stopwatch'),
('fa fa-store'),
('fa fa-store-alt'),
('fa fa-stream'),
('fa fa-street-view'),
('fa fa-strikethrough'),
('fa fa-stroopwafel'),
('fa fa-subscript'),
('fa fa-subway'),
('fa fa-suitcase'),
('fa fa-suitcase-rolling'),
('fa fa-sun'),
('fa fa-superscript'),
('fa fa-surprise'),
('fa fa-swatchbook'),
('fa fa-swimmer'),
('fa fa-swimming-pool'),
('fa fa-synagogue'),
('fa fa-sync'),
('fa fa-sync-alt'),
('fa fa-syringe'),
('fa fa-table'),
('fa fa-table-tennis'),
('fa fa-tablet'),
('fa fa-tablet-alt'),
('fa fa-tablets'),
('fa fa-tachometer-alt'),
('fa fa-tag'),
('fa fa-tags'),
('fa fa-tape'),
('fa fa-tasks'),
('fa fa-taxi'),
('fa fa-teeth'),
('fa fa-teeth-open'),
('fa fa-temperature-high'),
('fa fa-temperature-low'),
('fa fa-tenge'),
('fa fa-terminal'),
('fa fa-text-height'),
('fa fa-text-width'),
('fa fa-th'),
('fa fa-th-large'),
('fa fa-th-list'),
('fa fa-theater-masks'),
('fa fa-thermometer'),
('fa fa-thermometer-empty'),
('fa fa-thermometer-full'),
('fa fa-thermometer-half'),
('fa fa-thermometer-quarter'),
('fa fa-thermometer-three-quarters'),
('fa fa-thumbs-down'),
('fa fa-thumbs-up'),
('fa fa-thumbtack'),
('fa fa-ticket-alt'),
('fa fa-times'),
('fa fa-times-circle'),
('fa fa-tint'),
('fa fa-tint-slash'),
('fa fa-tired'),
('fa fa-toggle-off'),
('fa fa-toggle-on'),
('fa fa-toilet'),
('fa fa-toilet-paper'),
('fa fa-toolbox'),
('fa fa-tools'),
('fa fa-tooth'),
('fa fa-torah'),
('fa fa-torii-gate'),
('fa fa-tractor'),
('fa fa-trademark'),
('fa fa-traffic-light'),
('fa fa-train'),
('fa fa-tram'),
('fa fa-transgender'),
('fa fa-transgender-alt'),
('fa fa-trash'),
('fa fa-trash-alt'),
('fa fa-trash-restore'),
('fa fa-trash-restore-alt'),
('fa fa-tree'),
('fa fa-trophy'),
('fa fa-truck'),
('fa fa-truck-loading'),
('fa fa-truck-monster'),
('fa fa-truck-moving'),
('fa fa-truck-pickup'),
('fa fa-tshirt'),
('fa fa-tty'),
('fa fa-tv'),
('fa fa-umbrella'),
('fa fa-umbrella-beach'),
('fa fa-underline'),
('fa fa-undo'),
('fa fa-undo-alt'),
('fa fa-universal-access'),
('fa fa-university'),
('fa fa-unlink'),
('fa fa-unlock'),
('fa fa-unlock-alt'),
('fa fa-upload'),
('fa fa-user'),
('fa fa-user-alt'),
('fa fa-user-alt-slash'),
('fa fa-user-astronaut'),
('fa fa-user-check'),
('fa fa-user-circle'),
('fa fa-user-clock'),
('fa fa-user-cog'),
('fa fa-user-edit'),
('fa fa-user-friends'),
('fa fa-user-graduate'),
('fa fa-user-injured'),
('fa fa-user-lock'),
('fa fa-user-md'),
('fa fa-user-minus'),
('fa fa-user-ninja'),
('fa fa-user-nurse'),
('fa fa-user-plus'),
('fa fa-user-secret'),
('fa fa-user-shield'),
('fa fa-user-slash'),
('fa fa-user-tag'),
('fa fa-user-tie'),
('fa fa-user-times'),
('fa fa-users'),
('fa fa-users-cog'),
('fa fa-utensil-spoon'),
('fa fa-utensils'),
('fa fa-vector-square'),
('fa fa-venus'),
('fa fa-venus-double'),
('fa fa-venus-mars'),
('fa fa-vial'),
('fa fa-vials'),
('fa fa-video'),
('fa fa-video-slash'),
('fa fa-vihara'),
('fa fa-volleyball-ball'),
('fa fa-volume-down'),
('fa fa-volume-mute'),
('fa fa-volume-off'),
('fa fa-volume-up'),
('fa fa-vote-yea'),
('fa fa-vr-cardboard'),
('fa fa-walking'),
('fa fa-wallet'),
('fa fa-warehouse'),
('fa fa-water'),
('fa fa-wave-square'),
('fa fa-weight'),
('fa fa-weight-hanging'),
('fa fa-wheelchair'),
('fa fa-wifi'),
('fa fa-wind'),
('fa fa-window-close'),
('fa fa-window-maximize'),
('fa fa-window-minimize'),
('fa fa-window-restore'),
('fa fa-wine-bottle'),
('fa fa-wine-glass'),
('fa fa-wine-glass-alt'),
('fa fa-won-sign'),
('fa fa-wrench'),
('fa fa-x-ray'),
('fa fa-yen-sign'),
('fa fa-yin-yang'),
('fa fa-arrow-up')
GO

INSERT INTO [master].[master_icon](icon_name) VALUES
('fab fa-500px'),
('fab fa-accessible-icon'),
('fab fa-accusoft'),
('fab fa-acquisitions-incorporated'),
('fab fa-adn'),
('fab fa-adobe'),
('fab fa-adversal'),
('fab fa-affiliatetheme'),
('fab fa-airbnb'),
('fab fa-algolia'),
('fab fa-alipay'),
('fab fa-amazon'),
('fab fa-amazon-pay'),
('fab fa-amilia'),
('fab fa-android'),
('fab fa-angellist'),
('fab fa-angrycreative'),
('fab fa-angular'),
('fab fa-app-store'),
('fab fa-app-store-ios'),
('fab fa-apper'),
('fab fa-apple'),
('fab fa-apple-pay'),
('fab fa-artstation'),
('fab fa-asymmetrik'),
('fab fa-atlassian'),
('fab fa-audible'),
('fab fa-autoprefixer'),
('fab fa-avianex'),
('fab fa-aviato'),
('fab fa-aws'),
('fab fa-bandcamp'),
('fab fa-battle-net'),
('fab fa-behance'),
('fab fa-behance-square'),
('fab fa-bimobject'),
('fab fa-bitbucket'),
('fab fa-bitcoin'),
('fab fa-bity'),
('fab fa-black-tie'),
('fab fa-blackberry'),
('fab fa-blogger'),
('fab fa-blogger-b'),
('fab fa-bluetooth'),
('fab fa-bluetooth-b'),
('fab fa-btc'),
('fab fa-buromobelexperte'),
('fab fa-buysellads'),
('fab fa-cc-amazon-pay'),
('fab fa-cc-amex'),
('fab fa-cc-apple-pay'),
('fab fa-cc-diners-club'),
('fab fa-cc-discover'),
('fab fa-cc-jcb'),
('fab fa-cc-mastercard'),
('fab fa-cc-paypal'),
('fab fa-cc-stripe'),
('fab fa-cc-visa'),
('fab fa-centercode'),
('fab fa-centos'),
('fab fa-chrome'),
('fab fa-chromecast'),
('fab fa-cloudscale'),
('fab fa-cloudsmith'),
('fab fa-cloudversify'),
('fab fa-codepen'),
('fab fa-codiepie'),
('fab fa-confluence'),
('fab fa-connectdevelop'),
('fab fa-contao'),
('fab fa-cpanel'),
('fab fa-creative-commons'),
('fab fa-creative-commons-by'),
('fab fa-creative-commons-nc'),
('fab fa-creative-commons-nc-eu'),
('fab fa-creative-commons-nc-jp'),
('fab fa-creative-commons-nd'),
('fab fa-creative-commons-pd'),
('fab fa-creative-commons-pd-alt'),
('fab fa-creative-commons-remix'),
('fab fa-creative-commons-sa'),
('fab fa-creative-commons-sampling'),
('fab fa-creative-commons-sampling-plus'),
('fab fa-creative-commons-share'),
('fab fa-creative-commons-zero'),
('fab fa-critical-role'),
('fab fa-css3'),
('fab fa-css3-alt'),
('fab fa-cuttlefish'),
('fab fa-d-and-d'),
('fab fa-d-and-d-beyond'),
('fab fa-dashcube'),
('fab fa-delicious'),
('fab fa-deploydog'),
('fab fa-deskpro'),
('fab fa-dev'),
('fab fa-deviantart'),
('fab fa-dhl'),
('fab fa-diaspora'),
('fab fa-digg'),
('fab fa-digital-ocean'),
('fab fa-discord'),
('fab fa-discourse'),
('fab fa-dochub'),
('fab fa-docker'),
('fab fa-draft2digital'),
('fab fa-dribbble'),
('fab fa-dribbble-square'),
('fab fa-dropbox'),
('fab fa-drupal'),
('fab fa-dyalog'),
('fab fa-earlybirds'),
('fab fa-ebay'),
('fab fa-edge'),
('fab fa-elementor'),
('fab fa-ello'),
('fab fa-ember'),
('fab fa-empire'),
('fab fa-envira'),
('fab fa-erlang'),
('fab fa-ethereum'),
('fab fa-etsy'),
('fab fa-evernote'),
('fab fa-expeditedssl'),
('fab fa-facebook'),
('fab fa-facebook-f'),
('fab fa-facebook-messenger'),
('fab fa-facebook-square'),
('fab fa-fantasy-flight-games'),
('fab fa-fedex'),
('fab fa-fedora'),
('fab fa-figma'),
('fab fa-firefox'),
('fab fa-first-order'),
('fab fa-first-order-alt'),
('fab fa-firstdraft'),
('fab fa-flickr'),
('fab fa-flipboard'),
('fab fa-fly'),
('fab fa-font-awesome'),
('fab fa-font-awesome-alt'),
('fab fa-font-awesome-flag'),
('fab fa-fonticons'),
('fab fa-fonticons-fi'),
('fab fa-fort-awesome'),
('fab fa-fort-awesome-alt'),
('fab fa-forumbee'),
('fab fa-foursquare'),
('fab fa-free-code-camp'),
('fab fa-freebsd'),
('fab fa-fulcrum'),
('fab fa-galactic-republic'),
('fab fa-galactic-senate'),
('fab fa-get-pocket'),
('fab fa-gg'),
('fab fa-gg-circle'),
('fab fa-git'),
('fab fa-git-square'),
('fab fa-github'),
('fab fa-github-alt'),
('fab fa-github-square'),
('fab fa-gitkraken'),
('fab fa-gitlab'),
('fab fa-gitter'),
('fab fa-glide'),
('fab fa-glide-g'),
('fab fa-gofore'),
('fab fa-bootstrap'),
('fab fa-goodreads'),
('fab fa-goodreads-g'),
('fab fa-google'),
('fab fa-google-drive'),
('fab fa-google-play'),
('fab fa-google-plus'),
('fab fa-google-plus-g'),
('fab fa-google-plus-square'),
('fab fa-google-wallet'),
('fab fa-gratipay'),
('fab fa-grav'),
('fab fa-gripfire'),
('fab fa-grunt'),
('fab fa-gulp'),
('fab fa-hacker-news'),
('fab fa-hacker-news-square'),
('fab fa-hackerrank'),
('fab fa-hips'),
('fab fa-hire-a-helper'),
('fab fa-hooli'),
('fab fa-hornbill'),
('fab fa-hotjar'),
('fab fa-houzz'),
('fab fa-html5'),
('fab fa-hubspot'),
('fab fa-imdb'),
('fab fa-instagram'),
('fab fa-intercom'),
('fab fa-internet-explorer'),
('fab fa-invision'),
('fab fa-ioxhost'),
('fab fa-itch-io'),
('fab fa-itunes'),
('fab fa-itunes-note'),
('fab fa-java'),
('fab fa-jedi-order'),
('fab fa-jenkins'),
('fab fa-jira'),
('fab fa-joget'),
('fab fa-joomla'),
('fab fa-js'),
('fab fa-js-square'),
('fab fa-jsfiddle'),
('fab fa-kaggle'),
('fab fa-keybase'),
('fab fa-keycdn'),
('fab fa-kickstarter'),
('fab fa-kickstarter-k'),
('fab fa-korvue'),
('fab fa-laravel'),
('fab fa-lastfm'),
('fab fa-lastfm-square'),
('fab fa-leanpub'),
('fab fa-less'),
('fab fa-line'),
('fab fa-linkedin'),
('fab fa-linkedin-in'),
('fab fa-linode'),
('fab fa-linux'),
('fab fa-lyft'),
('fab fa-magento'),
('fab fa-mailchimp'),
('fab fa-mandalorian'),
('fab fa-markdown'),
('fab fa-mastodon'),
('fab fa-maxcdn'),
('fab fa-medapps'),
('fab fa-medium'),
('fab fa-medium-m'),
('fab fa-medrt'),
('fab fa-meetup'),
('fab fa-megaport'),
('fab fa-mendeley'),
('fab fa-microsoft'),
('fab fa-mix'),
('fab fa-mixcloud'),
('fab fa-mizuni'),
('fab fa-modx'),
('fab fa-monero'),
('fab fa-napster'),
('fab fa-neos'),
('fab fa-nimblr'),
('fab fa-nintendo-switch'),
('fab fa-node'),
('fab fa-node-js'),
('fab fa-npm'),
('fab fa-ns8'),
('fab fa-nutritionix'),
('fab fa-odnoklassniki'),
('fab fa-odnoklassniki-square'),
('fab fa-old-republic'),
('fab fa-opencart'),
('fab fa-openid'),
('fab fa-opera'),
('fab fa-canadian-maple-leaf'),
('fab fa-optin-monster'),
('fab fa-osi'),
('fab fa-page4'),
('fab fa-pagelines'),
('fab fa-palfed'),
('fab fa-patreon'),
('fab fa-paypal'),
('fab fa-periscope'),
('fab fa-phabricator'),
('fab fa-phoenix-framework'),
('fab fa-phoenix-squadron'),
('fab fa-php'),
('fab fa-pied-piper'),
('fab fa-pied-piper-alt'),
('fab fa-pied-piper-hat'),
('fab fa-pied-piper-pp'),
('fab fa-pinterest'),
('fab fa-pinterest-p'),
('fab fa-pinterest-square'),
('fab fa-playstation'),
('fab fa-product-hunt'),
('fab fa-pushed'),
('fab fa-python'),
('fab fa-qq'),
('fab fa-quinscape'),
('fab fa-quora'),
('fab fa-r-project'),
('fab fa-raspberry-pi'),
('fab fa-ravelry'),
('fab fa-react'),
('fab fa-reacteurope'),
('fab fa-readme'),
('fab fa-rebel'),
('fab fa-red-river'),
('fab fa-reddit'),
('fab fa-reddit-alien'),
('fab fa-reddit-square'),
('fab fa-redhat'),
('fab fa-renren'),
('fab fa-replyd'),
('fab fa-researchgate'),
('fab fa-resolving'),
('fab fa-rev'),
('fab fa-rocketchat'),
('fab fa-rockrms'),
('fab fa-safari'),
('fab fa-salesforce'),
('fab fa-sass'),
('fab fa-schlix'),
('fab fa-scribd'),
('fab fa-searchengin'),
('fab fa-sellcast'),
('fab fa-sellsy'),
('fab fa-servicestack'),
('fab fa-shirtsinbulk'),
('fab fa-shopware'),
('fab fa-simplybuilt'),
('fab fa-sistrix'),
('fab fa-sith'),
('fab fa-sketch'),
('fab fa-skyatlas'),
('fab fa-skype'),
('fab fa-slack'),
('fab fa-slack-hash'),
('fab fa-slideshare'),
('fab fa-snapchat'),
('fab fa-snapchat-ghost'),
('fab fa-snapchat-square'),
('fab fa-soundcloud'),
('fab fa-sourcetree'),
('fab fa-speakap'),
('fab fa-speaker-deck'),
('fab fa-spotify'),
('fab fa-squarespace'),
('fab fa-stack-exchange'),
('fab fa-stack-overflow'),
('fab fa-staylinked'),
('fab fa-steam'),
('fab fa-steam-square'),
('fab fa-steam-symbol'),
('fab fa-sticker-mule'),
('fab fa-strava'),
('fab fa-stripe'),
('fab fa-stripe-s'),
('fab fa-studiovinari'),
('fab fa-stumbleupon'),
('fab fa-stumbleupon-circle'),
('fab fa-superpowers'),
('fab fa-supple'),
('fab fa-symfony'),
('fab fa-teamspeak'),
('fab fa-telegram'),
('fab fa-suse'),
('fab fa-telegram-plane'),
('fab fa-tencent-weibo'),
('fab fa-the-red-yeti'),
('fab fa-themeco'),
('fab fa-themeisle'),
('fab fa-think-peaks'),
('fab fa-trade-federation'),
('fab fa-trello'),
('fab fa-tripadvisor'),
('fab fa-tumblr'),
('fab fa-tumblr-square'),
('fab fa-twitch'),
('fab fa-twitter'),
('fab fa-twitter-square'),
('fab fa-typo3'),
('fab fa-uber'),
('fab fa-ubuntu'),
('fab fa-uikit'),
('fab fa-uniregistry'),
('fab fa-untappd'),
('fab fa-ups'),
('fab fa-usb'),
('fab fa-usps'),
('fab fa-ussunnah'),
('fab fa-vaadin'),
('fab fa-viacoin'),
('fab fa-viadeo'),
('fab fa-viadeo-square'),
('fab fa-viber'),
('fab fa-vimeo'),
('fab fa-vimeo-square'),
('fab fa-vimeo-v'),
('fab fa-vine'),
('fab fa-vk'),
('fab fa-vnv'),
('fab fa-vuejs'),
('fab fa-waze'),
('fab fa-weebly'),
('fab fa-weibo'),
('fab fa-weixin'),
('fab fa-whatsapp'),
('fab fa-whatsapp-square'),
('fab fa-whmcs'),
('fab fa-wikipedia-w'),
('fab fa-windows'),
('fab fa-wix'),
('fab fa-wizards-of-the-coast'),
('fab fa-wolf-pack-battalion'),
('fab fa-wordpress'),
('fab fa-wordpress-simple'),
('fab fa-wpbeginner'),
('fab fa-wpexplorer'),
('fab fa-wpforms'),
('fab fa-wpressr'),
('fab fa-xbox'),
('fab fa-xing'),
('fab fa-xing-square'),
('fab fa-y-combinator'),
('fab fa-yahoo'),
('fab fa-yammer'),
('fab fa-yandex'),
('fab fa-yandex-international'),
('fab fa-yarn'),
('fab fa-yelp'),
('fab fa-yoast'),
('fab fa-youtube'),
('fab fa-youtube-square'),
('fab fa-zhihu'),
('fab fa-penny-arcade')
GO
